metric,value
mean_efficiency,0.46520808832038557
median_efficiency,0.4534057810515965
min_efficiency,0.1538450709451443
max_efficiency,0.9484073598718956
efficiency_std,0.1623971698174342
