is_burst,event_count,total_downtime_sec,downtime_share
,0,315.0,0.0006633869378058951
False,352,170067.0,0.35815944873598465
True,1035,304454.0,0.6411771643262095
