metric,value
mean_pause_ratio,0.5428298248408813
median_pause_ratio,0.5515038722219208
max_pause_ratio,0.8461563319884674
pause_ratio_std,0.14662642286370234
